{
  "employees": [
    {
      "name": "Илья",
      "tg_id": "@ilya_barber",
      "photo": "https://images.unsplash.com/photo-1503951914875-452162b0f3f1?w=150&h=150&fit=crop&crop=face",
      "speciality": "barber",
      "experience": "5 лет",
      "rating": "4.9"
    },
    {
      "name": "Мария",
      "tg_id": "@mary_barber",
      "photo": "https://images.unsplash.com/photo-1494790108755-2616b612b786?w=150&h=150&fit=crop&crop=face",
      "speciality": "colorist",
      "experience": "3 года",
      "rating": "4.8"
    },
    {
      "name": "Алексей",
      "tg_id": "@alex_barber",
      "photo": "https://images.unsplash.com/photo-1507003211169-0a1dd7228f2d?w=150&h=150&fit=crop&crop=face",
      "speciality": "barber",
      "experience": "7 лет",
      "rating": "4.9"
    },
    {
      "name": "Елена",
      "tg_id": "@elena_barber",
      "photo": "https://images.unsplash.com/photo-1438761681033-6461ffad8d80?w=150&h=150&fit=crop&crop=face",
      "speciality": "stylist",
      "experience": "4 года",
      "rating": "4.7"
    },
    {
      "name": "Дмитрий",
      "tg_id": "@dmitry_barber",
      "photo": "https://images.unsplash.com/photo-1472099645785-5658abf4ff4e?w=150&h=150&fit=crop&crop=face",
      "speciality": "barber",
      "experience": "6 лет",
      "rating": "4.8 "
    }
  ],
  "slots": [],
  "settings": {
    "tenant_id": "demo_barbershop_001",
    "shop_name": "Барбершоп 'Классика'",
    "slot_duration": 60,
    "advance_booking_days": 14
  }
}