{
  "bot_name": "demo_barbershop_001_bot",
  "username": "demo_barbershop_001_barbershop_bot",
  "description": "Бот для записи к барберу",
  "commands": [
    {
      "command": "start",
      "description": "Начать запись"
    },
    {
      "command": "book",
      "description": "Записаться к барберу"
    },
    {
      "command": "schedule",
      "description": "Посмотреть расписание"
    },
    {
      "command": "barbers",
      "description": "Список барберов"
    },
    {
      "command": "cancel",
      "description": "Отменить запись"
    }
  ],
  "webhook_url": "https://webhooks.jalm.io/tenant/demo_barbershop_001/chat"
}