{
  "intent": "generate_tool_catalog",
  "description": "Построить JALM-каталог tool_api-интентов по заданной нише (например, финансы)",
  "input": {
    "niche": "финансы",
    "max_intents": 10
  },
  "plan": [
    {
      "call_agent": "openrouter",
      "with": {
        "prompt_file": "prompts/agent_domain_analyzer.prompt.txt",
        "params": {
          "niche": "{{input.niche}}"
        }
      },
      "output_as": "intents"
    },
    {
      "loop": {
        "var": "intent",
        "in": "{{intents}}",
        "do": [
          {
            "call_agent": "openrouter",
            "with": {
              "prompt_file": "prompts/agent_intent_mapper.prompt.txt",
              "params": {
                "intent": "{{intent.intent}}",
                "description": "{{intent.description}}",
                "contexts": "{{intent.contexts}}"
              }
            },
            "output_as": "intent.query"
          },
          {
            "call_agent": "openrouter",
            "with": {
              "prompt_file": "prompts/agent_code_wrapper.prompt.txt",
              "params": {
                "query": "{{intent.query}}"
              }
            },
            "output_as": "tool_spec"
          },
          {
            "call_agent": "openrouter",
            "with": {
              "prompt_file": "prompts/agent_catalog_registrar.prompt.txt",
              "params": {
                "category": "{{input.niche}}",
                "tool": "{{tool_spec}}"
              }
            },
            "output_as": "registration"
          },
          {
            "call_agent": "openrouter",
            "with": {
              "prompt_file": "prompts/agent_graph_writer.prompt.txt",
              "params": {
                "intent": "{{intent.intent}}",
                "description": "{{intent.description}}",
                "contexts": "{{intent.contexts}}",
                "tool_ref": "{{registration.path}}"
              }
            }
          },
          {
            "call_agent": "openrouter",
            "with": {
              "prompt_file": "prompts/agent_rag_indexer.prompt.txt",
              "params": {
                "intent": "{{intent.intent}}",
                "description": "{{intent.description}}",
                "tool_path": "{{registration.path}}"
              }
            }
          }
        ]
      }
    }
  ]
}